joint_0_0_pos,joint_1_0_pos,joint_2_0_pos,joint_3_0_pos,joint_4_0_pos,joint_5_0_pos,joint_6_0_pos,joint_7_0_pos,joint_8_0_pos,joint_9_0_pos,joint_10_0_pos,joint_11_0_pos,joint_12_0_pos,joint_13_0_pos,joint_14_0_pos,joint_15_0_pos,joint_0_0_vel,joint_1_0_vel,joint_2_0_vel,joint_3_0_vel,joint_4_0_vel,joint_5_0_vel,joint_6_0_vel,joint_7_0_vel,joint_8_0_vel,joint_9_0_vel,joint_10_0_vel,joint_11_0_vel,joint_12_0_vel,joint_13_0_vel,joint_14_0_vel,joint_15_0_vel,joint_0_0_effort,joint_1_0_effort,joint_2_0_effort,joint_3_0_effort,joint_4_0_effort,joint_5_0_effort,joint_6_0_effort,joint_7_0_effort,joint_8_0_effort,joint_9_0_effort,joint_10_0_effort,joint_11_0_effort,joint_12_0_effort,joint_13_0_effort,joint_14_0_effort,joint_15_0_effort
-0.26878070480712674,0.8032703349378703,0.24420646893904657,0.2918190509334519,-0.21348867410394637,0.06450736915371041,0.8293804605477053,0.2488141381643116,0.27031659454888174,1.090481716646057,0.2180963433292114,0.6542890299876343,0.7295476273336297,-0.03686135380212024,0.462302812268258,1.059763921810957,0.0,0.0,0.0,0.0,0.0,0.0,0.0,0.0,0.0,0.0,0.0,0.0,0.0,0.0,0.0,0.0,-0.017886138509773754,-0.02969648030758404,-0.018064651647168445,-0.018322648069346494,-0.012810469688602777,-0.04407612778442024,-0.01517325278769268,-0.018855923505646292,0.017355578044408976,-0.02949423209825454,-0.030620413061776312,0.006130545576618955,0.0024913228006782084,-0.016176731541760584,0.017233775736945525,0.016524784261507858
0.20273744591166132,0.13208651779093086,0.7372270760424047,1.853818918298297,-0.11979939985689077,1.093553496129567,1.101232944838342,1.4329851290574243,-0.22423990229623145,1.6295790160020653,0.8140215631301553,0.22577579203798645,0.20580922539517135,1.3055062804917585,0.7449065247511797,1.067443370519732,0.0,0.0,0.0,0.0,0.0,0.0,0.0,0.0,0.0,0.0,0.0,0.0,0.0,0.0,0.0,0.0,0.006993651866050868,-0.05100499742328226,-0.0167429672508514,0.0395139440252107,0.009709933030738707,-0.025654710273581877,-0.013228575400277581,0.017033817675760655,0.0003115649368579655,9.090560403254844e-05,-0.01677269074415253,-0.014940655840844266,-0.01270167095209538,-0.016753995987805182,0.020913360922347128,0.01736087124962915
-0.13055062804917586,0.6696479274051843,1.0490126936186719,0.7817678785533,-0.07833037682950551,1.1442378576074823,0.9461080809210862,0.76333720165224,-0.07833037682950551,1.5619998673648452,0.4868770481363382,0.8032703349378703,0.1827708792688462,0.9553234193716161,0.77869609906979,-0.00614355896702004,0.0,0.0,0.0,0.0,0.0,0.0,0.0,0.0,0.0,0.0,0.0,0.0,0.0,0.0,0.0,0.0,-0.018173865728386286,-0.031391376408410554,-0.017778804842894576,-0.015348549863975628,0.0056029358278685965,-0.026805470916450566,-0.02245793014030948,-0.016391779818992168,0.016737861563327582,-0.0741114589163611,-0.02734920671647266,0.010242695070571572,-0.12066705762793473,-0.5157236136210199,0.02995497058708712,-0.014526585766361781
-0.13055062804917586,0.6496813607623692,0.7955908862290952,0.2933549406752069,0.07525859734599548,1.5619998673648452,0.15973253314252103,1.7662732030182615,-0.153588974175501,0.15051719469199096,-0.02918190509334519,-0.07218681786248547,0.5252742916802133,1.5005642776946448,0.5406331890977635,0.5160589532296833,0.0,0.0,0.0,0.0,0.0,0.0,0.0,0.0,0.0,0.0,0.0,0.0,0.0,0.0,0.0,0.0,-0.016160682548554687,-0.06573990764811279,-0.03173305288973927,-0.01601414575019202,0.01338842739358477,-0.026761702166467616,-0.025326625765383776,0.016067383667184677,-0.013544640330940914,-0.03969622174217487,-0.017143995927818994,-0.1289342769913464,0.019557948915086422,-0.017390362794046692,-0.012014830203104185,0.017521263604866433
-0.1244070690821558,0.19966566642815128,0.07525859734599548,1.7724167619852815,-0.08293804605477054,0.40701078156507764,0.6650402581799193,1.228711793404008,0.20273744591166132,0.33175218421908215,0.15051719469199096,1.3531188624861639,0.7541218632017098,0.9583951988551261,0.5298819609054785,0.3593981995706723,0.0,0.0,0.0,0.0,0.0,0.0,0.0,0.0,0.0,0.0,0.0,0.0,0.0,0.0,0.0,0.0,0.011808720235666328,-0.04851506077533061,-0.020915920844431935,0.009630801198907229,-0.013309387878239792,-0.05561744622027255,-0.015075734118641292,-0.015184910273799777,0.013112832449937236,-0.02818400481570914,-0.01767527340291317,0.002914329534074535,0.021208159521160664,-0.03056144949631622,0.02677907861055836,-0.01378906619808134
-0.12287117934040079,0.1090481716646057,0.10290461269758568,1.0259743474923466,0.04454080251089529,0.40854667130683264,1.228711793404008,0.27338837403239175,0.2641730355818617,0.9445721911793311,1.8092781157874016,0.33789574318610216,0.027646015351590177,1.4314492393156693,0.7433706350094248,0.9461080809210862,0.0,0.0,0.0,0.0,0.0,0.0,0.0,0.0,0.0,0.0,0.0,0.0,0.0,0.0,0.0,0.0,0.0076647147479553535,-0.042822584411292525,-0.02180834385324676,-0.017324656760722555,0.01181302613562673,-0.032988832683483724,-0.0173473889086935,-0.01859865323892937,0.014939953380379376,-0.02830789370222471,0.01178263281644975,-0.012453723508412293,-0.011555542955769904,-0.019834869627417415,0.020030374552465237,0.015195399246800871
0.03532546406036523,0.9967924423990014,1.2886114933324533,0.3824365456969974,0.08293804605477054,-0.09676105373056562,1.8307805721719717,0.6389301325700841,-0.155124863917256,0.17969909978533616,0.03993313328563026,-0.07372270760424048,1.0182948987835716,0.6972939427567745,0.6880786043062445,0.6558249197293893,0.0,0.0,0.0,0.0,0.0,0.0,0.0,0.0,0.0,0.0,0.0,0.0,0.0,0.0,0.0,0.0,-0.0032030353746499247,-0.03176922167293231,-0.017398472206104864,-0.01115912270281007,0.013657910348432764,-0.03741046278069839,-0.014056000347021598,0.013012459200886216,-0.004993103430895109,-0.038719469330926536,-0.01812726182763132,-0.13199638723822493,0.019578889025995496,-0.02097166085419168,0.02962299557314011,0.014025422324691993
0.2319193510050065,0.6650402581799193,0.7141887299160795,0.49916416607037817,-0.17969909978533616,0.8877442707343957,-0.04454080251089529,1.4514158059584845,-0.18891443823586623,0.04454080251089529,-0.03686135380212024,0.5590638659988236,0.5099153942626633,1.1396301883822175,1.5835023237494152,1.3270087368763286,0.0,0.0,0.0,0.0,0.0,0.0,0.0,0.0,0.0,0.0,0.0,0.0,0.0,0.0,0.0,0.0,0.014502186695106369,-0.03970403640783699,-0.03144673625958871,0.009212047950009877,-0.013552290336308198,-0.029834198647662902,-0.0571383357678336,0.01283362922880446,-0.012599550929477758,-0.03517082642860411,-0.04780767963762289,-0.013712647723904814,-0.007101229942531262,-0.024365248676061872,0.014328651834382852,0.01188267330946867
0.26878070480712674,0.9138543963442309,0.9630028680803912,1.3408317445521236,-0.007679448708775049,0.4223696789826277,0.7264758478501196,0.16126842288427606,-0.06297147941195541,0.04607669225265029,0.39933133285630257,0.02611012560983517,1.4437363572497093,1.1519173063162573,1.259429588239108,0.3501828611201423,0.0,0.0,0.0,0.0,0.0,0.0,0.0,0.0,0.0,0.0,0.0,0.0,0.0,0.0,0.0,0.0,0.0142244013841237,-0.03197026291503841,-0.01795235846793338,0.015361353827284721,0.01380448612857106,-0.06175550810805972,-0.01570892943617829,-0.016544874432951058,0.013722883728411187,-0.01822326832866062,-0.01830542995969508,-0.01353928552426085,0.021195532362968807,-0.017732564025121075,-0.013560008157260096,-0.01812505977855132
-0.10751228192285069,0.7602654221687299,0.935356852728801,1.6111483391010055,-0.07986626657126052,1.399195554738814,0.7218681786248546,0.3578623098289173,-0.06297147941195541,0.13362240753268587,1.8261729029467066,1.1211995114811573,0.09983283321407564,1.1334866294151973,0.5698150941911088,0.06757914863722043,0.0,0.0,0.0,0.0,0.0,0.0,0.0,0.0,0.0,0.0,0.0,0.0,0.0,0.0,0.0,0.0,-0.016923513561685075,-0.066759786966053,-0.02379348185087629,0.013126384136238907,-0.013502792235281794,-0.02949460362961663,-0.022897320434625362,0.010570241068870006,-0.0070816596120044685,-0.014768257897894089,-0.0179785993943464,0.013073082277195603,-0.07586498081767512,-0.03477201037820832,0.014407988560775376,-0.014257409323072947
-0.07986626657126052,0.37936476621348747,1.1304148499316873,1.7063735030898162,0.1090481716646057,0.7356911863006498,0.314857397059777,-0.061435589670200394,-0.06757914863722043,0.617427676185514,1.8092781157874016,0.05375614096142534,1.6172918980680255,0.7955908862290952,1.070515150003242,0.1827708792688462,0.0,0.0,0.0,0.0,0.0,0.0,0.0,0.0,0.0,0.0,0.0,0.0,0.0,0.0,0.0,0.0,-0.01462493884162849,-0.033039323334284484,-0.020792698087387387,-0.005966778245964764,0.008338670816254973,-0.04725496504120998,-0.02193132748249798,-0.04315147395485746,-0.011392130218074887,-0.03023884902036427,-0.025173882183202174,-0.014549918459429373,0.02184368093197513,-0.03130214256307781,0.0261238445775734,0.017396785266479815
0.26878070480712674,0.777160209328035,1.5604639776230902,1.3561906419696739,-0.0906174947635456,0.3363598534443472,1.5082437264034196,0.7863755477785651,-0.22731168177974148,1.4329851290574243,0.25956536635659666,0.7571936426852198,0.34711108163663223,0.23959879971378154,0.8416675784817454,0.6020687787679638,0.0,0.0,0.0,0.0,0.0,0.0,0.0,0.0,0.0,0.0,0.0,0.0,0.0,0.0,0.0,0.0,0.013777345800972212,-0.030317389013785126,-0.01622910104530138,-0.008252126721263747,-0.013216110971085826,-0.04919969736204836,-0.01626453348354248,0.012603663514512493,-0.010140204490732095,-0.03244106030348032,-0.02692074625194145,0.010333139296906206,-0.06211850388521727,-0.031515420197300345,0.014884015428560646,0.01920413043220883
-0.12594295882391082,0.2826037124829218,0.22884757152149646,1.7693449825017713,-0.1904503279776212,0.7479783042346899,1.3300805163598386,-0.05682792044493537,0.08140215631301552,0.5790304326416388,0.6573608094711442,-0.061435589670200394,0.3363598534443472,0.12747884856566583,0.78483965803681,0.8324522400312153,0.0,0.0,0.0,0.0,0.0,0.0,0.0,0.0,0.0,0.0,0.0,0.0,0.0,0.0,0.0,0.0,-0.014654726876844977,-0.04913423441499554,-0.02438077654019041,0.0036346700464312993,-0.0109667280006788,-0.026634359281872154,-0.015980946023033335,-0.027258438440521494,0.011116220767531647,-0.05438003816290616,-0.027007614096268402,-0.07811064571412633,-0.09867757294957043,-0.027513567810833812,0.025619287152312993,-0.014291711084233452
0.05068436147791533,0.2826037124829218,0.1704837613348061,1.1887786601183776,-0.1904503279776212,0.7187963991413446,0.7571936426852198,0.6819350453392244,0.25188591764782164,-0.11365584088987074,0.6573608094711442,1.064371591036222,1.730947738957896,-0.16894787159305108,0.20273744591166132,0.04454080251089529,0.0,0.0,0.0,0.0,0.0,0.0,0.0,0.0,0.0,0.0,0.0,0.0,0.0,0.0,0.0,0.0,0.014041390252433353,-0.04161635234188025,-0.024378961937917023,-0.018967257224840543,-0.005251487920257064,-0.06083543339561367,-0.029878598805491957,0.0050000230798241604,0.013071326705417413,-0.0890571330049818,-0.025675526794417522,0.007181060614012424,0.023609300089271913,-0.019386580564553117,0.018290725046589906,-0.009729087289553837
-0.2779960432576568,0.6926862735315095,0.8170933426136653,1.088945826904302,-0.152053084433746,1.0536203628439367,0.32714451499381714,1.7908474388863413,-0.23345524074676152,1.377693098354244,0.10751228192285069,0.015358897417550098,1.3024345010082483,1.4836694905353396,0.4116184507903427,0.23652702023027156,0.0,0.0,0.0,0.0,0.0,0.0,0.0,0.0,0.0,0.0,0.0,0.0,0.0,0.0,0.0,0.0,-0.016267303200574443,-0.045197948643025225,-0.023540211664269006,-0.001147379218191984,0.012652030797271424,-0.03123902877896287,-0.02065943922369782,0.014930347155565767,0.006381312074360596,-0.030281481409898205,-0.019897942695037446,0.011737498269409799,0.014383462376649447,-0.02153321532990697,0.00044475126487791925,0.0116506924786334
0.0906174947635456,0.6005328890262088,0.5068436147791532,1.227175903662253,0.13362240753268587,0.6481454710206142,-0.03225368457685521,0.15973253314252103,-0.023038346126325146,1.5051719469199099,1.087409937162547,0.8401316887399903,0.15819664340076603,1.058228032069202,0.5329537403889885,1.4652388136342795,0.0,0.0,0.0,0.0,0.0,0.0,0.0,0.0,0.0,0.0,0.0,0.0,0.0,0.0,0.0,0.0,0.006587256751712512,-0.07288068391291824,-0.02946293417962889,0.012444815399908113,0.010175721215766431,-0.06667388944241717,-0.029772112219257563,-0.018438930964736637,0.016151768674922035,-0.028727198421302683,0.008013946469957293,0.01465042788563371,-0.015242834823590568,-0.0313101967376998,0.02299294601851169,0.015729598075596308
0.15051719469199096,1.062835701294467,0.2964267201587169,1.7432348568919362,0.01996656664281513,0.9676105373056563,1.3101139497170233,1.7616655337929965,-0.01228711793404008,0.32714451499381714,1.1949222190853979,1.3607983111949389,0.2472782484225566,0.7971267759708501,0.460766922526503,0.15666075365901103,0.0,0.0,0.0,0.0,0.0,0.0,0.0,0.0,0.0,0.0,0.0,0.0,0.0,0.0,0.0,0.0,0.011616272907587238,-0.03140825868209144,-0.02626557013666387,0.013221412704842271,-0.012596228866347932,-0.024277913402809978,-0.012013680772828918,0.014339302798375222,0.015594864244809077,-0.05937707771133247,-0.018857241487440335,0.013754590559807593,-0.06725104112324198,-0.7895082670861511,0.015505074437896683,-0.01479174482446736
-0.2180963433292114,0.1904503279776212,1.709445282573326,1.5666075365901102,0.1105840614063607,0.25188591764782164,0.03993313328563026,1.1995298883106627,0.0,0.8816007117673758,0.5314178506472335,-0.07065092812073046,1.7340195184414062,0.1413018562414609,0.8309163502894604,0.7218681786248546,0.0,0.0,0.0,0.0,0.0,0.0,0.0,0.0,0.0,0.0,0.0,0.0,0.0,0.0,0.0,0.0,-0.016265748493289267,-0.05298720985445437,-0.016154009779950358,-0.01039509555552582,0.01348910849285892,-0.04450431874102518,-0.019417050089200825,-0.01854214756086177,-0.012604720559790578,-0.03048672367183479,-0.032251497953911294,-0.13715930519369363,0.021061438290568193,0.014864798143882925,0.028630795464052086,0.015535635613246584
0.19966566642815128,0.6788632658557143,0.4423362456254428,0.4576951430429929,-0.21348867410394637,0.9752899860144313,0.5836381018669038,1.5712152058153752,-0.16894787159305108,1.0459409141351617,0.9814335449814514,1.2532860292720882,1.715588841540346,-0.0952251639888106,0.5805663223833938,0.5836381018669038,0.0,0.0,0.0,0.0,0.0,0.0,0.0,0.0,0.0,0.0,0.0,0.0,0.0,0.0,0.0,0.0,0.013755694063250348,-0.03215702760661649,-0.028962375303983164,-0.01903192691462394,-0.013331531969538984,-0.02709569760286496,-0.01509466328219193,0.014253423886107782,-0.007793901227818974,-0.02956092209235025,-0.017529530722925152,0.015060448548277046,0.013822488878869877,-0.017700634126888826,0.01712182617189032,-0.015877753668013674
0.01996656664281513,0.7402988555259148,1.5236026238209697,0.5114512840044183,0.13362240753268587,1.4422004675079543,-0.04914847173616032,0.5329537403889885,-0.21963223307096644,1.5297461827879897,0.22731168177974148,0.6988298324985295,0.33789574318610216,0.6466095812788591,-0.023038346126325146,1.4821336007935846,0.0,0.0,0.0,0.0,0.0,0.0,0.0,0.0,0.0,0.0,0.0,0.0,0.0,0.0,0.0,0.0,-0.01716407253908568,-0.02960744364496834,-0.018131917104914866,0.0012617038065584445,0.013665296903655422,-0.027484494601571458,-0.07923604036270065,-0.017856279487976873,-0.0028232355808553316,-0.03203770501947144,-0.031019268155804865,-0.015275435722750034,-0.006915541694932337,0.01194274338157215,0.014212433658991639,0.015967491528853427
0.19812977668639625,0.10751228192285069,1.1810992114096026,0.2856754919664318,0.11826351011513578,0.08908160502179058,1.2978268317829835,1.056692142327447,0.19966566642815128,1.6341866852273306,0.8293804605477053,0.5022359455538883,0.935356852728801,0.767944870877505,1.3239369573928186,0.8217010118389303,0.0,0.0,0.0,0.0,0.0,0.0,0.0,0.0,0.0,0.0,0.0,0.0,0.0,0.0,0.0,0.0,0.015102548395903859,-0.060561979661822134,-0.03212607106559925,-0.018262838106330895,-0.011094168995337883,-0.04708983810760392,-0.015175269296595559,0.00962425528272281,0.016712993907687646,0.03007947497700854,-0.015890306163653143,-0.012923149249376067,0.018538738532608613,-0.016441421690913324,0.020086324462015442,-0.0196345712138431
0.2488141381643116,0.3640058687959374,0.2180963433292114,1.065907480777977,0.1105840614063607,0.5744227634163737,1.4498799162167295,0.7433706350094248,-0.11365584088987074,1.6341866852273306,0.308713838092757,0.41469023027385266,0.37936476621348747,1.4529516957002393,0.5483126378065385,0.2211681228127214,0.0,0.0,0.0,0.0,0.0,0.0,0.0,0.0,0.0,0.0,0.0,0.0,0.0,0.0,0.0,0.0,0.014130495482754989,-0.004886683078807821,-0.027344889124246142,0.009500121969069651,-0.007133546540600916,-0.02535292911737698,-0.015054010019140349,-0.01721819143533137,-0.011670309132615013,-0.005103902818980391,-0.030597293557016972,-0.013927582829114262,-0.008722245145517294,-0.018003591633987192,0.0022495024566803828,-0.014587474976818492
0.03532546406036523,1.098161165354832,1.1703479832173176,1.379228988095999,-0.03378957431861022,0.2810678227411668,1.8000627773368716,-0.07218681786248547,-0.04454080251089529,0.8984954989266809,0.10751228192285069,0.9583951988551261,1.214888785728213,1.0014001116242666,0.5882457710921688,0.5851739916086588,0.0,0.0,0.0,0.0,0.0,0.0,0.0,0.0,0.0,0.0,0.0,0.0,0.0,0.0,0.0,0.0,-0.017843489547364966,-0.031199447095239488,-0.01604612449934776,0.015782379886556525,-0.013696906422872003,-0.04984370584348259,-0.015579129480970559,-0.08483316779677798,0.015831993370460158,-0.07947655773595953,-0.03065369775774758,0.010936853301765283,0.020113089639390402,-0.03196380809451728,0.02224294891748599,0.019320138793488404
-0.06757914863722043,0.767944870877505,1.8277087926884619,0.07218681786248547,-0.23652702023027156,0.8923519399596608,1.219496454953478,0.5421690788395185,-0.14437363572497094,1.6572250313536558,0.11672762037338076,0.39165188414752755,0.3363598534443472,0.08447393579652554,0.460766922526503,0.77869609906979,0.0,0.0,0.0,0.0,0.0,0.0,0.0,0.0,0.0,0.0,0.0,0.0,0.0,0.0,0.0,0.0,-0.014070916512102332,-0.061904992949768166,-0.018372510927999644,-0.017027107825817102,-0.014943796677853283,-0.027948471048420638,-0.026139713727475415,0.011462998000620941,-0.011430616343754304,0.034565980950138284,-0.018939111070677403,-0.014190912193530584,-0.06200842103317834,-0.021327195985573075,0.017290037774522402,0.020996120717209493
-0.05068436147791533,0.1428377459832159,1.1304148499316873,1.2056734472776829,-0.23959879971378154,0.28721138170818683,1.55739219813958,0.33328807396083715,-0.12747884856566583,0.617427676185514,1.6526173621283906,0.2303834612632515,0.33789574318610216,0.27646015351590175,0.007679448708775049,0.20580922539517135,0.0,0.0,0.0,0.0,0.0,0.0,0.0,0.0,0.0,0.0,0.0,0.0,0.0,0.0,0.0,0.0,0.010537009980053793,-0.05629835728727812,-0.028064176745039957,0.008544566977977668,-0.01464201858589756,-0.048724551283148634,-0.015920460050923527,-0.014204561814389234,0.015534727514121967,-0.06236256966250253,-0.01802796203475676,-0.014675081380989037,-0.12522180573964933,0.09941754723681982,0.01759901992472428,-0.010818259790652127
0.09215338450530058,0.14898130495023595,0.8524188066740305,1.093553496129567,0.13515829727444087,-0.0767944870877505,1.1304148499316873,1.2763243753984133,0.030717794835100197,0.3716853175047124,0.9092467271189659,-0.05068436147791533,1.6126842288427605,0.33328807396083715,0.6020687787679638,0.8124856733884002,0.0,0.0,0.0,0.0,0.0,0.0,0.0,0.0,0.0,0.0,0.0,0.0,0.0,0.0,0.0,0.0,0.013622325213810585,-0.007439109650850531,-0.02998223252692587,-0.016640117392220433,0.01029987202389876,-0.04040810325154026,-0.026657570666716354,0.0017707758846098147,0.01591771201429619,-0.058364724466617744,-0.03025610792908634,-0.04633965974676893,0.02277869011278515,-0.02296015574027574,0.03190224300355694,0.020116401934211197
-0.16741198185129608,0.33328807396083715,1.5619998673648452,0.8217010118389303,-0.08293804605477054,0.8370599092564803,1.224104124178743,-0.07065092812073046,-0.24267057919729154,0.2488141381643116,0.7756243195862801,0.8063421144213803,0.9645387578221463,1.6234354570350455,0.2641730355818617,0.0767944870877505,0.0,0.0,0.0,0.0,0.0,0.0,0.0,0.0,0.0,0.0,0.0,0.0,0.0,0.0,0.0,0.0,-0.016216420466487885,0.014328715724309583,-0.016788313542074135,-0.017384171602690436,-0.012091083580259857,-0.030483139157546343,-0.01483264081478694,-0.07853383944497569,-0.01311881612121156,-0.05572610011569781,-0.03274221978173997,0.010052124000566334,0.0026601087338883112,0.010845987861649706,-0.011559202474225764,-0.017747889835708946
0.2749242637741468,1.396123775255304,1.4206980111233842,0.5206666224549483,0.09829694347232064,0.7756243195862801,1.0382614654263866,1.2932191625577183,-0.09983283321407564,0.2488141381643116,1.4160903418981192,-0.02150245638457014,0.24574235868080158,1.6526173621283906,0.33943163292785716,1.3392958548103686,0.0,0.0,0.0,0.0,0.0,0.0,0.0,0.0,0.0,0.0,0.0,0.0,0.0,0.0,0.0,0.0,0.015860820634831196,-0.029981260431091922,-0.01666160988640139,-0.014389224861767705,0.013517653784999181,-0.05691019032119124,-0.023194354325746326,0.014678414400895293,0.01331942459663095,-0.05153150776159897,-0.018158713565376898,-0.01806627393192826,-0.01496627541075355,-0.016109169176662788,0.014134769313559729,0.015612738464016123
0.2165604535874564,1.5082437264034196,1.3101139497170233,0.8401316887399903,-0.2165604535874564,0.5129871737461733,0.5283460711637235,1.056692142327447,0.22270401255447644,0.8078780041631353,1.2747884856566583,1.5189949545957047,0.24113468945553657,1.55432041865607,1.098161165354832,0.8585623656410506,0.0,0.0,0.0,0.0,0.0,0.0,0.0,0.0,0.0,0.0,0.0,0.0,0.0,0.0,0.0,0.0,0.013355659466149864,-0.030033213690771887,0.005467602753087891,0.016330049593878626,-0.014888901902537083,-0.05324193603487111,-0.028837636606798597,0.007654884980608834,0.014997152019673811,-0.02850387006478662,-0.021260441483322935,0.01652020215502992,0.016607623255318817,-0.019100281585835974,0.02152172384566237,0.015196561254834734
-0.11672762037338076,0.6681120376634293,0.22884757152149646,1.3531188624861639,0.2180963433292114,1.6372584647108406,1.2701808164313932,-0.04146902302738527,-0.02150245638457014,1.4652388136342795,1.1442378576074823,0.5836381018669038,0.7479783042346899,-0.21041689462043636,1.4160903418981192,0.304106168867492,0.0,0.0,0.0,0.0,0.0,0.0,0.0,0.0,0.0,0.0,0.0,0.0,0.0,0.0,0.0,0.0,-0.014167672370413931,-0.06386576191350166,-0.027050505003633263,-0.01700881190489289,0.011638401744945265,0.07627688504763531,-0.010506244231032025,-0.015586724394988961,0.012861874656575812,-0.028685397159109588,-0.006824689583208501,-0.007397073715732668,0.017846264743594187,-0.018439910475062212,0.020531314104946567,-0.01638833539847891
0.01843067690106012,0.8078780041631353,0.5206666224549483,1.4222339008651392,-0.14590952546672595,0.4361926866584228,0.5022359455538883,1.4329851290574243,-0.0952251639888106,0.8816007117673758,0.10290461269758568,1.1964581088271526,0.7756243195862801,0.15819664340076603,0.9491798604045961,1.4483440264749743,0.0,0.0,0.0,0.0,0.0,0.0,0.0,0.0,0.0,0.0,0.0,0.0,0.0,0.0,0.0,0.0,0.006844974844330654,-0.03132895460713429,-0.018480711037140406,0.006236423989198938,-0.013113906975587092,-0.0586386192162802,-0.024872032485033745,0.0081659448177512,-0.011045143373494402,-0.07625024167888556,-0.028193148177162612,0.010226090312118607,0.01761828455594836,0.014929188556692244,-0.01135408805495918,0.01262255969831693
-0.152053084433746,0.33021629447732714,-0.00921533845053006,0.27646015351590175,0.17201965107656111,0.617427676185514,0.77869609906979,0.7310835170753848,-0.11211995114811572,0.40701078156507764,0.4377285764001778,0.01689478715930511,0.606676447993229,0.608212337734984,0.3501828611201423,1.4145544521563642,0.0,0.0,0.0,0.0,0.0,0.0,0.0,0.0,0.0,0.0,0.0,0.0,0.0,0.0,0.0,0.0,-0.015707941202963708,-0.05096765359202507,-0.02374812940011263,-0.015442116469661829,0.010299421969391098,-0.02665880353748664,-0.017371540241498715,-0.01653928983618188,-0.010253981082096887,-0.0568293757792111,-0.018302034951056333,-0.01249813639968838,-0.007231366488069835,0.0016990883274038012,0.01721138480694474,-0.014646676565590676
-0.17509143056007115,0.618963565927269,1.6387943544525956,0.7879114375203201,-0.02611012560983517,0.35479053034540725,0.31946506628504207,0.7449065247511797,0.19198621771937624,1.402267334222324,1.3592624214531839,0.27646015351590175,0.3885801046640175,0.25495769713133165,0.789447327262075,0.5145230634879283,0.0,0.0,0.0,0.0,0.0,0.0,0.0,0.0,0.0,0.0,0.0,0.0,0.0,0.0,0.0,0.0,-0.015905170722573136,-0.02561399579139316,-0.0168306648374767,-0.013055391628069282,-0.013602448911849859,-0.04683966881120647,-0.024900764303624166,0.009289693937448378,0.01681419551316703,-0.028581299035285557,-0.00716532694102635,-0.013819473082250613,-0.010800847794676561,-0.02331468540420661,0.014421877102863447,-0.015096883889228318
-0.17509143056007115,0.618963565927269,1.6387943544525956,0.7879114375203201,-0.02611012560983517,0.35479053034540725,0.31946506628504207,0.7464424144929348,0.19198621771937624,1.402267334222324,1.3592624214531839,0.27646015351590175,0.3885801046640175,0.25495769713133165,0.789447327262075,0.5145230634879283,0.0,0.0,0.0,0.0,0.0,0.0,0.0,0.0,0.0,0.0,0.0,0.0,0.0,0.0,0.0,0.0,-0.015905170722573136,-0.02561399579139316,-0.0168306648374767,-0.013055391628069282,-0.013602448911849859,-0.04684198131554847,-0.024905323466259316,0.0077485611587715525,0.01681419551316703,-0.028581299035285557,-0.00716532694102635,-0.013819473082250613,-0.010800847794676561,-0.02331468540420661,0.014421877102863447,-0.015096883889228318
0.25956536635659666,0.08600982553828056,0.8355240195147254,1.0490126936186719,-0.02611012560983517,1.5558563083978252,0.8063421144213803,0.5836381018669038,0.1904503279776212,0.4408003558836879,1.7463066363754465,1.219496454953478,0.918462065569496,1.2901473830742085,0.8616341451245606,0.9906488834319813,0.0,0.0,0.0,0.0,0.0,0.0,0.0,0.0,0.0,0.0,0.0,0.0,0.0,0.0,0.0,0.0,0.01597547754179194,-0.05349836811941841,-0.025957776871479064,-0.016698356349094477,0.013623702350467013,-0.028004597395342085,-0.020503329828827847,-0.014718564080067453,0.015507019018712948,-0.052156255145663674,-0.016812304040460475,0.002377446060313115,0.020148181092516995,-0.01763495940387768,0.021688164671428117,0.01632061863152772
0.25188591764782164,0.5913175505756788,1.067443370519732,1.6618327005789209,0.17355554081831612,0.49916416607037817,1.1718838729590726,1.7585937543094863,0.007679448708775049,0.7648730913939948,1.2978268317829835,1.4928848289858696,1.0920176063878122,1.4744541520848093,0.7449065247511797,1.3346881855851036,0.0,0.0,0.0,0.0,0.0,0.0,0.0,0.0,0.0,0.0,0.0,0.0,0.0,0.0,0.0,0.0,-0.011810595144658221,-0.03207831760938728,-0.019283818422302104,0.01552123262068684,0.014478223349465774,-0.053614631014934584,-0.015433603605402801,0.015419451646133665,-0.012337501554070672,-0.02816659956344629,-0.020681045021814524,0.01577410241614353,0.021633200006623988,-0.017021392170856867,-0.0136959757341899,0.015584750576689963
-0.1244070690821558,0.28721138170818683,0.22884757152149646,1.7693449825017713,-0.18891443823586623,0.7479783042346899,1.3300805163598386,-0.05682792044493537,0.08140215631301552,0.5897816608339238,0.6604325889546543,-0.061435589670200394,0.33789574318610216,0.13055062804917586,0.77869609906979,0.8339881297729704,0.0,0.0,0.0,0.0,0.0,0.0,0.0,0.0,0.0,0.0,0.0,0.0,0.0,0.0,0.0,0.0,-0.016185464241203318,-0.054043202932185216,-0.024389665163141092,0.0036879734157504625,-0.012502617742433775,-0.026634359281872154,-0.01597735292770351,-0.027258438440521494,0.01109040280282211,-0.06569349901673098,-0.030235456988233177,-0.07820916535612216,-0.09990628474297439,-0.030031045054683948,0.030767301578171608,-0.01542745421582025
